number,english_name,spanish_name,rgb,owned
70.951,White,Blanco,"255,255,255",false
70.745,Dark Rose,Rosa Oscuro,"120,82,83",false
70.766,Cream White,Blanco Crema,"216, 203, 187",false
70.956,Clear Orange,Naranja,"206, 80, 51",false
70.859,Black Red,Rojo Negro,"79, 45, 44",false
70.811,Blue Violet,Violeta Azul,"87, 79, 134",true
70.930,Dark Blue,Azul Oscuro,"37, 56, 105",false
70.966,Turquoise,Turquesa,"10, 71, 94",false
70.757,Pacific Green,Verde Pacifico,"90, 116, 107",true
70.827,Lime Green,Verde Lima,"123, 149, 68",false
70.892,Yellow Olive,Oliva Amarillo,"47, 55, 47",false
70.884,Stone Grey,Gris Piedra,"134, 125, 105",true
70.919,Cold White,Blanco Frio,"242,242,246",false
70.845,Sunny Skin Tone,Carne Dorada,"236,150,77",false
70.837,Pale Sand,Arena Clara,"222, 187, 138",false
70.909,Vermilion,Bermellón,"198, 47, 53",false
70.748,Light Pink,Rosa Claro,"222, 138, 159",false
70.807,Oxford Blue,Azul Oxford,"58, 61, 89",false
70.925,Blue,Azul Intenso,"53, 45, 81",false
70.898,Dark Sea Blue,Azul Marina Osc.,"25, 41, 55",false
70.895,Gunship Green,Verde Acorazado,"69, 86, 65",false
70.967,Olive Green,Verde Olive,"77, 98, 60",false
70.896,Extra Dark Green,Verde Extra Osc.,"31, 34, 9",false
70.987,Medium Grey,Medium Grey,"125, 112, 91",false
70.820,Off-White,Blanco Pergamino,"242,242,246",false
70.804,Beige Red,Rojo Beige,"173,113,83",false
70.858,Ice Yellow,Ice Yellow,"231, 202, 116",false
70.908,Carmine Red,Rojo Carmin,"149, 36, 41",false
70.958,Pink,Pink,"175, 84, 129",false
70.960,Violet,Violet,"55, 44, 80",false
70.752,Infantry Blue,Azul Infantería,"25, 24, 41",false
70.754,Continental Blue,Azul Continental,"25, 28, 40",false
70.920,German Uniform,Uniforme Alemán,"62, 81, 70",false
70.922,Uniform Green,Verde Uniforme,"68, 83, 50",false
70.760,Light Mud,Lodo Claro,"121, 120, 97",false
70.821,Germ. Beige WWII,Beige Alem. WWII,"115, 107, 86",false
70.918,Ivory,Hueso,"228,219,201",false
70.843,Cork Brown,Marrón Corcho,"155,115,87",false
70.949,Light Yellow,Amarillo Claro,"243, 209, 79",false
70.926,Red,Rojo,"118, 38, 41",false
70.945,Magenta,Magenta,"141, 53, 93",false
70.751,Black Violet,Violeta Negro,"49, 37, 49",false
70.961,Sky Blue,Azul Cielo,"101, 180, 203",false
70.755,Light Emerald,Esmeralda Claro,"13, 129, 120",false
70.897,Bronze Green,Verde Bronce,"38, 53, 36",false
70.850,Medium Olive,Oliva Medio,"59, 78, 51",false
70.924,Russian Unif. WWII,Unifor. Ruso WWII,"80, 82, 56",false
70.988,Khaki,Khaki,"107, 96, 64",false
70.928,Light Flesh,Carne Clara,"240,205,175",false
70.876,Brown Sand,Arena Marrón,"140,99,75",false
70.952,Lemon Yellow,Amarillo Limón,"222, 209, 45",false
70.747,Faded Red,Rojo Desgastado,"184, 95, 88",false
70.802,Sunset Red,Rojo Sunset,"189, 50, 84",false
70.902,Azure,Azul Azur,"89, 110, 159",false
70.844,Deep Sky Blue,Azul Profundo,"71, 148, 192",false
70.838,Emerald,Esmeralda,"0, 101, 79",false
70.758,Bright Green,Verde Claro,"109, 131, 81",false
70.823,Luftwaffe Green,Verde Luftwaffe,"46, 59, 35",false
70.893,US Dark Green,Verde Americano,"68, 70, 56",false
70.762,Grey Brown,Grey Brown,"83, 71, 36",false
70.815,Basic Skin Tone,Carne Base,"230,166,135",false
70.746,Chestnut Brown,Marrón Castaño,"137,119,112",false
70.915,Deep Yellow,Amarillo Intenso,"237, 198, 37",false
70.829,Amaranth Red,Rojo Amaranth,"211, 87, 60",false
70.812,Violet Red,Rojo Violeta,"93, 52, 65",false
70.965,Prussian Blue,Azul de Prusia,"51, 71, 99",false
70.841,Andrea Blue,Azul Andrea,"0, 116, 174",false
70.974,Green Sky,Verde Azul,"111, 140, 103",false
70.891,Intermediate Green,Verde Medio,"79, 103, 71",false
70.975,Military Green,Verde Militar,"57, 61, 49",false
70.890,Refractive Green,Verde Refractario,"63, 70, 52",false
70.763,Canvas,Lona,"66, 58, 28",false
70.835,Salmon Rose,Rosa Salmón,"223,140,123",false
70.955,Flat Flesh,Carne Mate,"220,151,94",false
70.953,Flat Yellow,Amarillo Mate,"245, 183, 66",false
70.817,Scarlet,Escarlata,"193, 71, 56",false
70.959,Purple,Púrpura,"81, 51, 88",false
70.899,Dark Prussian Blue,Azul de Prusia Osc.,"51, 35, 65",false
70.963,Medium Blue,Azul Medio,"14, 72, 115",false
70.756,Splinter Green,Verde Splinter,"66, 102, 70",false
70.833,Fern Green,Verde Helecho,"66, 87, 55",false
70.885,Pastel Green,Verde Pastel,"136, 145, 111",false
70.888,Olive Grey,Gris Oliva,"56, 61, 43",false
70.740,Cam. Middle Brown,Cam. Marrón Medio,"72, 58, 32",false
70.805,German Orange,Naranja Alemán,"184,103,92",false
70.927,Dark Flesh,Carne Oscura,"206,147,69",false
70.948,Golden Yellow,Amarillo Dorado,"250, 166, 62",false
70.947,Dark Vermilion,Bermellón Oscuro,"180, 47, 51",false
70.810,Royal Purple,Púrpura Real,"71, 35, 67",false
70.901,Pastel Blue,Azul Pastel,"94, 124, 145",false
70.753,Light Blue Green,Azul Verde Claro,"27, 156, 166",false
70.969,Park Green Flat,Verde,"35, 103, 79",false
70.968,Flat Green,Verde Oliva Osc.,"49, 76, 47",false
70.886,Green Grey,Gris Verdoso,"101, 103, 86",false
70.894,Cam. Olive Green,Cam. Verde Oliva,"52, 55, 45",false
70.941,Burnt Umber,Sombra Tostada,"119,223,49",false
70.944,Old Rose,Rosa Antiguo,"183,112,113",false
70.860,Med. Flesh Tone,Carne Medio,"173,122,72",false
70.911,Light Orange,Naranja Claro,"243, 121, 50",false
70.957,Flat Red,Rojo Mate,"159, 47, 50",false
70.749,Dark Purple,Púrpura Oscuro,"61, 34, 52",false
70.962,Flat Blue,Azul Mate,"61, 82, 124",false
70.808,Blue Green,Azul Verde,"10, 126, 138",false
70.970,Deep Green,Verde Oscuro,"23, 75, 47",false
70.979,Cam. Dark Green,Cam. Verde Osc.,"25, 43, 30",false
70.830,Ger. Fieldgrey WWII,Verde Alemán WWII,"80, 81, 59",false
70.741,Cam. Black Green,Cam. Verde Negro,"71, 53, 45",false
70.806,German Yellow,Amarillo Lasur,"196, 178, 100",false
70.803,Brown Rose,Rosa Marrón,"151, 105, 101",false
70.929,Light Brown,Marrón Claro,"156,96,59",false
70.851,Bright Orange,Naranja Intenso,"225, 100, 44",false
70.946,Dark Red,Rojo Oscuro,"97, 45, 39",false
70.750,Light Violet,Violeta Claro,"158, 141, 181",false
70.809,Royal Blue,Azul Real,"15, 78, 135",false
70.840,Light Turquoise,Turquesa Claro,"1, 107, 138",false
70.980,Black Green,Verde Negro,"30, 50, 41",false
70.954,Yellow Green,Amarillo Verde,"213, 223, 62",false
70.759,German Tank Crew,Carrista Alemán,"74, 72, 60",false
70.986,Deck Tan,Marrón Cubierta,"162, 158, 141",false
70.978,Dark Yellow,Amarillo Camuflaje,"139, 134, 68",false
70.881,Green Yellow,Verde Amarillo,"84,227,68",false
70.917,Beige,Beige,"217,100,238",false
70.874,Tan Earth,Tierra Oscura,"46,95,201",false
70.983,Flat Earth,Tierra Mate,"204,123,29",false
70.818,Red Leather,Cuero Rojo,"184,41,131",false
70.772,Medium Grey Bl,Azul Gris Medio,"163,152,35",false
70.870,Medium Sea Grey,Gris Marina Medio,"92,60,208",false
70.950,Black,Negro,"8,146,109",false
70.887,US Olive Drab,US Verde Oliva,"238,31,134",false
70.914,Green Ochre,Ocre Verde,"186,196,51",false
70.873,US Field,Drab Tierra,"10,135,17",false
70.825,Pale Brown,Pardo Claro,"191,73,109",false
70.982,Cavalry Brown,Marrón Rojo,"214,37,99",false
70.943,Grey Blue,Azul Gris,"226,108,53",false
70.991,Dark Sea,Grey Gris Marina,"230,138,167",false
70.861,Gloss Black,Negro Brillante,"123,155,206",false
70.976,Buff,Amarillo Caqui,"181,61,67",false
70.824,Orange Ochre,Ocre Naranja,"163,56,190",false
70.768,BC Dark Brown,BC Marrón Oscuro,"45,14,140",false
70.940,Saddle Brown,Marrón Cuero,"207,51,126",false
70.814,Burnt Red,Rojo Tostado,"131,228,109",false
70.964,Field Blue,Azul Military,"132,75,19",false
70.773,Violet Grey,Gris Violeta,"31,93,191",false
70.828,Mahogany Ink,Tinta Caoba,"72,156,49",false
70.882,Middle Stone,Amarillo Piedra,"241,137,68",false
70.880,Khaki Grey,Gris Caqui,"44,51,238",false
70.871,Leather Brown,Cuero Oscuro,"134,56,51",false
70.846,Mahogany Brown,Marrón Caoba,"126,28,109",false
70.985,Hull Red,Marrón Rojizo,"112,143,234",false
70.816,Luftwaffe Uniform,Uniforme Luftwaff,"40,58,193",false
70.866,Grey Green,Gris Verde,"88,35,141",false
70.939,Smoke Ink,Tinta Humo,"41,185,82",false
70.764,Military Yellow,Amarillo Militar,"121,16,182",false
70.872,Chocolate Brown,Marrón Chocolate,"223,144,207",false
70.822,Cam. Black Brown,Cam. Pardo Negro,"185,106,33",false
70.984,Flat Brown,Marrón Mate,"236,121,155",false
70.993,White Grey,Gris Blanco,"42,123,123",false
70.994,Dark Grey,Gris Oscuro,"22,128,20",false
70.862,Black Grey,Gris Negro,"133,207,211",false
70.923,Japan. Unif. WWII,Unif. Japonés WWII,"56,61,205",false
70.847,Dark Sand,Arena Oscura,"14,103,205",false
70.916,Sand Yellow,Amarillo Arena,"207,127,77",false
70.771,Dark Rust,Óxido Oscuro,"246,207,115",false
70.883,Silver Grey,Gris Plateado,"87,108,39",false
70.989,Sky Grey,Gris Cielo,"136,34,41",false
70.836,London Grey,Gris Londres,"201,36,207",false
70.879,Green Brown,Marrón Verde,"156,233,83",false
70.819,Iraqi Sand,Arena Iraquí,"242,231,36",false
70.977,Desert Yellow,Amarillo Desierto,"26,116,218",false
70.913,Yellow Ochre,Ocre Amarillo,"161,79,233",false
70.971,Light Green Grey,Verde Gris Pálido,"219,98,140",false
70.990,Light Grey,Gris Pálido,"204,191,109",false
70.869,Basalt Grey,Gris Basalto,"235,129,196",false
70.921,English Uniform,Uniforme Inglés,"95,129,243",false
70.767,Desert Brown,Marrón Desierto,"61,53,173",false
70.769,Mustard Brown,Marrón Mostaza,"221,135,178",false
70.877,Gold Brown,Marrón Dorado,"207,198,119",false
70.907,Pale Grey Blue,Azul Gris Claro,"129,127,43",false
70.905,Blue Grey Pale,Gris Azul Claro,"92,195,57",false
70.868,Dark Sea Green,Verde Marina Osc.,"100,189,21",false
70.826,Medium Brown,Pardo Medio,"22,126,34",false
70.761,Old Wood,Madera Vieja,"243,168,121",false
70.770,New Wood,Madera Nueva,"190,48,180",false
70.856,Ochre Brown,Ocre Marrón,"88,226,215",false
70.906,Pale Blue,Azul Pálido,"47,217,141",false
70.992,Neutral Grey,Gris Neutral,"129,239,243",false
70.995,German Grey,Gris Alemán,"37,65,169",false
70.889,Olive Brown,Pardo Oliva,"37,235,166",false
70.765,Desert Tan,Arena Tostada,"210,83,134",false
70.875,Beige Brown,Marrón Beige,"12,170,33",false
70.981,Orange Brown,Marrón Naranja,"135,236,96",false
70.972,Light Green Blue,Verde Azul Pálido,"180,49,62",false
70.867,Dark Blue Grey,Azul Gris Oscuro,"140,201,49",false
70.774,Lavender Grey,Gris Lavanda,"12,188,176",false
